Basic Bitch.,Blonde Ale,4% ABV,2019-02-13,Altamont
Altamont Lager,Lager - American Light,5.25% ABV,2019-02-13,Altamont
Richard Pils,Hoppy Pilsner,6% ABV,2019-02-13,Altamont
Berry White,Fruit Beer,4.7% ABV,2019-02-13,Altamont
Galaxy Fuel Lager - IPL (India Pale Lager),Lager - IPL (India Pale Lager),6% ABV,2019-02-13,Altamont
I Can't Believe It's Not Hazy!,IPA - American,6% ABV,2019-02-13,Altamont
Maui Waui IPA,IPA - American,6.5% ABV,2019-02-13,Altamont
New Kids on the Hops,Wheat IPA - American,7% ABV,2019-02-13,Altamont
Shot Away,IPA - American,6.8% ABV,2019-02-13,Altamont
Rich Mahogany,Red Ale - American Amber / Red,6.5% ABV,2019-02-13,Altamont
Hella Hoppy,IPA - Imperial / Double,9% ABV,2019-02-13,Altamont
Scarcity IIIPA,IPA - Triple,11% ABV,2019-02-13,Altamont
Maui Waui 3X,IPA - Triple,11% ABV,2019-02-13,Altamont
Smoke N Dank,IPA - Triple,11% ABV,2019-02-13,Altamont
Nutty Operator,Stout - Oatmeal,5.8% ABV,2019-02-13,Altamont
Mocha Something New,Stout - Imperial Oatmeal,8.7% ABV,2019-02-13,Altamont
Basic Bitch.,Blonde Ale,4% ABV,2019-02-13,Altamont
Altamont Lager,Lager - American Light,5.25% ABV,2019-02-13,Altamont
Richard Pils,Hoppy Pilsner,6% ABV,2019-02-13,Altamont
Berry White,Fruit Beer,4.7% ABV,2019-02-13,Altamont
Galaxy Fuel Lager - IPL (India Pale Lager),Lager - IPL (India Pale Lager),6% ABV,2019-02-13,Altamont
I Can't Believe It's Not Hazy!,IPA - American,6% ABV,2019-02-13,Altamont
Maui Waui IPA,IPA - American,6.5% ABV,2019-02-13,Altamont
New Kids on the Hops,Wheat IPA - American,7% ABV,2019-02-13,Altamont
Shot Away,IPA - American,6.8% ABV,2019-02-13,Altamont
Rich Mahogany,Red Ale - American Amber / Red,6.5% ABV,2019-02-13,Altamont
Hella Hoppy,IPA - Imperial / Double,9% ABV,2019-02-13,Altamont
Scarcity IIIPA,IPA - Triple,11% ABV,2019-02-13,Altamont
Maui Waui 3X,IPA - Triple,11% ABV,2019-02-13,Altamont
Smoke N Dank,IPA - Triple,11% ABV,2019-02-13,Altamont
Nutty Operator,Stout - Oatmeal,5.8% ABV,2019-02-13,Altamont
Mocha Something New,Stout - Imperial Oatmeal,8.7% ABV,2019-02-13,Altamont
Basic Bitch.,Blonde Ale,4% ABV,2019-02-13,Altamont
Altamont Lager,Lager - American Light,5.25% ABV,2019-02-13,Altamont
Richard Pils,Hoppy Pilsner,6% ABV,2019-02-13,Altamont
Berry White,Fruit Beer,4.7% ABV,2019-02-13,Altamont
Galaxy Fuel Lager - IPL (India Pale Lager),Lager - IPL (India Pale Lager),6% ABV,2019-02-13,Altamont
I Can't Believe It's Not Hazy!,IPA - American,6% ABV,2019-02-13,Altamont
Maui Waui IPA,IPA - American,6.5% ABV,2019-02-13,Altamont
New Kids on the Hops,Wheat IPA - American,7% ABV,2019-02-13,Altamont
Shot Away,IPA - American,6.8% ABV,2019-02-13,Altamont
Rich Mahogany,Red Ale - American Amber / Red,6.5% ABV,2019-02-13,Altamont
Hella Hoppy,IPA - Imperial / Double,9% ABV,2019-02-13,Altamont
Scarcity IIIPA,IPA - Triple,11% ABV,2019-02-13,Altamont
Maui Waui 3X,IPA - Triple,11% ABV,2019-02-13,Altamont
Smoke N Dank,IPA - Triple,11% ABV,2019-02-13,Altamont
Nutty Operator,Stout - Oatmeal,5.8% ABV,2019-02-13,Altamont
Mocha Something New,Stout - Imperial Oatmeal,8.7% ABV,2019-02-13,Altamont
Basic Bitch.,Blonde Ale,4% ABV,2019-02-14,Altamont
Berry White,Rosé Beer,4.7% ABV,2019-02-14,Altamont
Altamont Lager,American Light Lager,5.25% ABV,2019-02-14,Altamont
Richard Pils,Hoppy Pilsner,5.5% ABV,2019-02-14,Altamont
Galaxy Fuel IPL (India Pale Lager),IPL (India Pale Lager),6% ABV,2019-02-14,Altamont
I Can't Believe It's Not Hazy!,Juicy West Coast IPA,6% ABV,2019-02-14,Altamont
Maui Waui IPA,Tropical West Coast IPA,6.5% ABV,2019-02-14,Altamont
Shot Away,West Coast IPA,6.8% ABV,2019-02-14,Altamont
New Kids on the Hops,Extra Pale Wheat IPA,7% ABV,2019-02-14,Altamont
Rich Mahogany,India Red Amber Ale,6.5% ABV,2019-02-14,Altamont
Hella Hoppy,West Coast Double IPA,9% ABV,2019-02-14,Altamont
Scarcity IIIPA,Limited Triple IIIPA,11% ABV,2019-02-14,Altamont
Maui Waui 3X,Tropical Triple IIIPA,11% ABV,2019-02-14,Altamont
Smoke N Dank,Sticky Triple IIIPA,11% ABV,2019-02-14,Altamont
Nutty Operator,Peanut Butter Stout,5.8% ABV,2019-02-14,Altamont
Mocha Something New,Imperial Coffee Stout,8.7% ABV,2019-02-14,Altamont
Basic Bitch.,Blonde Ale,4% ABV,2019-02-15,Altamont
Berry White,Rosé Beer,4.7% ABV,2019-02-15,Altamont
Altamont Lager,American Light Lager,5.25% ABV,2019-02-15,Altamont
Richard Pils,Hoppy Pilsner,5.5% ABV,2019-02-15,Altamont
Galaxy Fuel IPL (India Pale Lager),IPL (India Pale Lager),6% ABV,2019-02-15,Altamont
I Can't Believe It's Not Hazy!,Juicy West Coast IPA,6% ABV,2019-02-15,Altamont
Maui Waui IPA,Tropical West Coast IPA,6.5% ABV,2019-02-15,Altamont
Shot Away,West Coast IPA,6.8% ABV,2019-02-15,Altamont
New Kids on the Hops,Extra Pale Wheat IPA,7% ABV,2019-02-15,Altamont
Rich Mahogany,India Red Amber Ale,6.5% ABV,2019-02-15,Altamont
Hella Hoppy,West Coast Double IPA,9% ABV,2019-02-15,Altamont
Scarcity IIIPA,Limited Triple IIIPA,11% ABV,2019-02-15,Altamont
Maui Waui 3X,Tropical Triple IIIPA,11% ABV,2019-02-15,Altamont
Smoke N Dank,Sticky Triple IIIPA,11% ABV,2019-02-15,Altamont
Nutty Operator,Peanut Butter Stout,5.8% ABV,2019-02-15,Altamont
Mocha Something New,Imperial Coffee Stout,8.7% ABV,2019-02-15,Altamont
Basic Bitch.,Blonde Ale,4% ABV,2019-02-16,Altamont
Berry White,Rosé Beer,4.7% ABV,2019-02-16,Altamont
Altamont Lager,American Light Lager,5.25% ABV,2019-02-16,Altamont
Richard Pils,Hoppy Pilsner,5.5% ABV,2019-02-16,Altamont
Galaxy Fuel IPL (India Pale Lager),IPL (India Pale Lager),6% ABV,2019-02-16,Altamont
I Can't Believe It's Not Hazy!,Juicy West Coast IPA,6% ABV,2019-02-16,Altamont
Maui Waui IPA,Tropical West Coast IPA,6.5% ABV,2019-02-16,Altamont
Shot Away,West Coast IPA,6.8% ABV,2019-02-16,Altamont
New Kids on the Hops,Extra Pale Wheat IPA,7% ABV,2019-02-16,Altamont
Rich Mahogany,India Red Amber Ale,6.5% ABV,2019-02-16,Altamont
Hella Hoppy,West Coast Double IPA,9% ABV,2019-02-16,Altamont
Scarcity IIIPA,Limited Triple IIIPA,11% ABV,2019-02-16,Altamont
Maui Waui 3X,Tropical Triple IIIPA,11% ABV,2019-02-16,Altamont
Smoke N Dank,Sticky Triple IIIPA,11% ABV,2019-02-16,Altamont
Nutty Operator,Peanut Butter Stout,5.8% ABV,2019-02-16,Altamont
Mocha Something New,Imperial Coffee Stout,8.7% ABV,2019-02-16,Altamont
